Prey_Name,Prey_Name_Clean,Pred_Occur_Name,Pred_Prey_OccurSablefish Anoplopoma fimbria,Anoplopoma fimbria,Anoplopoma fimbria,Anoplopoma fimbriaKamchatka flounder Atheresthes evermanni,Atheresthes evermanni,Atheresthes evermanni,Atheresthes evermanniArrowtooth flounder Atheresthes stomias,Atheresthes stomias,Atheresthes stomias,Atheresthes stomiasWalleye pollock Gadus chalcogrammus,Gadus chalcogrammus,Gadus chalcogrammus,Gadus chalcogrammusPacific cod Gadus macrocephalus,Gadus macrocephalus,Gadus macrocephalus,Gadus macrocephalusFlathead sole Hippoglossoides elassodon,Hippoglossoides elassodon,Hippoglossoides elassodon,Hippoglossoides elassodonPacific halibut Hippoglossus stenolepis,Hippoglossus stenolepis,Hippoglossus stenolepis,Hippoglossus stenolepisSouthern rock sole Lepidopsetta bilineata,Lepidopsetta bilineata,Lepidopsetta bilineata,Lepidopsetta bilineataNorthern rock sole Lepidopsetta polyxystra,Lepidopsetta polyxystra,Lepidopsetta polyxystra,Lepidopsetta polyxystraYellowfin sole Limanda aspera,Limanda aspera,Limanda aspera,Limanda asperaAtka mackerel Pleurogrammus monopterygius,Pleurogrammus monopterygius,Pleurogrammus monopterygius,Pleurogrammus monopterygiusAlaska plaice Pleuronectes quadrituberculatus,Pleuronectes quadrituberculatus,Pleuronectes quadrituberculatus,Pleuronectes quadrituberculatusPacific sandfish Trichodon trichodon,Trichodon trichodon,Trichodon trichodon,Trichodon trichodonGiant grenadier Albatrossia pectoralis,Albatrossia pectoralis,Albatrossia pectoralis,Searcher Bathymaster signatus,Bathymaster signatus,Bathymaster signatus,Alaska skate Bathyraja parmifera,Bathyraja parmifera,Bathyraja parmifera,Pacific herring Clupea pallasii,Clupea pallasii,Clupea pallasii,Popeye grenadier Coryphaenoides cinereus,Coryphaenoides cinereus,Coryphaenoides cinereus,Spinyhead sculpin Dasycottus setiger,Dasycottus setiger,Dasycottus setiger,Rex sole Glyptocephalus zachirus,Glyptocephalus zachirus,Glyptocephalus zachirus,Yellow Irish lord Hemilepidotus jordani,Hemilepidotus jordani,Hemilepidotus jordani,Bigmouth sculpin Hemitripterus bolini,Hemitripterus bolini,Hemitripterus bolini,Kelp greenling Hexagrammos decagrammus,Hexagrammos decagrammus,Hexagrammos decagrammus,Butter sole Isopsetta isolepis,Isopsetta isolepis,Isopsetta isolepis,Pacific staghorn sculpin Leptocottus armatus,Leptocottus armatus,Leptocottus armatus,Longsnout prickleback Lumpenella longirostris,Lumpenella longirostris,Lumpenella longirostris,Shortfin eelpout Lycodes brevipes,Lycodes brevipes,Lycodes brevipes,Wattled eelpout Lycodes palearis,Lycodes palearis,Lycodes palearis,Slender sole Lyopsetta exilis,Lyopsetta exilis,Lyopsetta exilis,Darkfin sculpin Malacocottus zonurus,Malacocottus zonurus,Malacocottus zonurus,Capelin Mallotus villosus,Mallotus villosus,Mallotus villosus,Pacific hake Merluccius productus,Merluccius productus,Merluccius productus,Dover sole Microstomus pacificus,Microstomus pacificus,Microstomus pacificus,Chum salmon Oncorhynchus keta,Oncorhynchus keta,Oncorhynchus keta,Coho salmon Oncorhynchus kisutch,Oncorhynchus kisutch,Oncorhynchus kisutch,Lingcod Ophiodon elongatus,Ophiodon elongatus,Ophiodon elongatus,English sole Parophrys vetulus,Parophrys vetulus,Parophrys vetulus,Sturgeon poacher Podothecus acipenserinus,Podothecus acipenserinus,Podothecus acipenserinus,Bigeye lanternfish Protomyctophum thompsoni,Protomyctophum thompsoni,Protomyctophum thompsoni,Big skate Raja binoculata,Raja binoculata,Raja binoculata,Northern ronquil Ronquilus jordani,Ronquilus jordani,Ronquilus jordani,Rougheye rockfish Sebastes aleutianus,Sebastes aleutianus,Sebastes aleutianus,Pacific ocean perch Sebastes alutus,Sebastes alutus,Sebastes alutus,Darkblotched rockfish Sebastes crameri,Sebastes crameri,Sebastes crameri,Northern rockfish Sebastes polyspinis,Sebastes polyspinis,Sebastes polyspinis,Yelloweye rockfish Sebastes ruberrimus,Sebastes ruberrimus,Sebastes ruberrimus,Sharpchin rockfish Sebastes zacentrus,Sebastes zacentrus,Sebastes zacentrus,Shortspine thornyhead Sebastolobus alascanus,Sebastolobus alascanus,Sebastolobus alascanus,Eulachon Thaleichthys pacificus,Thaleichthys pacificus,Thaleichthys pacificus,Prowfish Zaprora silenus,Zaprora silenus,Zaprora silenus,Fuzzy crab Acantholithodes hispidus,Acantholithodes hispidus,,Agonidae (poacher),Agonidae,,Pacific sandlance Ammodytes hexapterus,Ammodytes hexapterus,,Ammodytidae (sandlance) Ammodytes sp.,Ammodytes sp.,,Anarhichadidae (wolffishes),Anarhichadidae,,Smooth alligatorfish Anoplagonus inermis,Anoplagonus inermis,,Slender cockscomb Anoplarchus insignis,Anoplarchus insignis,,Smooth lumpsucker Aptocyclus ventricosus,Aptocyclus ventricosus,,Archaulus sp. Cottidae (sculpin),Archaulus sp.,,Cottoidei (sculpin) Artediellus sp.,Artediellus sp.,,Cottoidei (sculpin) Artedius sp.,Artedius sp.,,Alligatorfish Aspidophoroides bartoni,Aspidophoroides bartoni,,Atelecyclidae (crab),Atelecyclidae,,Pleuronectidae (flatfish) Atheresthes sp.,Atheresthes sp.,,Gray starsnout Bathyagonus alascanus,Bathyagonus alascanus,,Spinycheek Starsnout Bathyagonus infraspinatus,Bathyagonus infraspinatus,,Blackfin poacher Bathyagonus nigripinnis,Bathyagonus nigripinnis,,Bigeye poacher Bathyagonus pentacanthus,Bathyagonus pentacanthus,,Agonidae (poacher) Bathyagonus sp.,Bathyagonus sp.,,Bathylagidae (deepsea smelt),Bathylagidae,,Bathymasteridae (ronquils) Bathymaster sp.,Bathymaster sp.,,Bathymasteridae (ronquils),Bathymasteridae,,Rajidae (skate) Bathyraja sp.,Bathyraja sp.,,Nutcracker prickleback Bryozoichthys lysimus,Bryozoichthys lysimus,,Furrowed rockcrab Cancer branneri,Cancer branneri,,Dungeness crab Cancer magister,Cancer magister,,Pygmy cancer crab Cancer oregonensis,Cancer oregonensis,,Cancridae (crab) Cancer sp.,Cancer sp.,,Cancridae (crab),Cancridae,,Caridea (shrimp),Caridea,,Pacific viperfish Chauliodus macouni,Chauliodus macouni,,Tanner crab Chionoecetes bairdi,Chionoecetes bairdi,,Snow crab Chionoecetes opilio,Chionoecetes opilio,,Snow or Tanner crab Chionoecetes sp.,Chionoecetes sp.,,Grooved Tanner crab Chionoecetes tanneri,Chionoecetes tanneri,,Pacific sanddab Citharichthys sordidus,Citharichthys sordidus,,Clupeidae,Clupeidae,,Salmonidae (cisco or whitefish) Coregonus sp.,Coregonus sp.,,Cottidae (sculpin),Cottidae,,Cottoidei (sculpin),Cottoidei,,Common two-spined crangon (shrimp) Crangon communi,Crangon communi,,Dwarf wrymouth Cryptacanthodes aleutensis,Cryptacanthodes aleutensis,,Cryptacanthodidae (wrymouth),Cryptacanthodidae,,Cyclopteridae (lumpsucker),Cyclopteridae,,Korean horsehair crab Erimacrus isenbeckii,Erimacrus isenbeckii,,Pacific spiny lumpsucker Eumicrotremus orbis,Eumicrotremus orbis,,Toad Lumpsucker Eumicrotremus phrynoides,Eumicrotremus phrynoides,,Cyclopteridae (lumpsucker) Eumicrotremus sp.,Eumicrotremus sp.,,Euphausiidae (euphausiid),Euphausiidae,,Smoothcheek Sculpin Eurymen gyrinus,Eurymen gyrinus,,Gadidae (gadid fish),Gadidae,,Gammaridea (amphipod),Gammaridea,,Threespine stickleback Gasterosteus aculeatus,Gasterosteus aculeatus,,Gastropoda (snail),Gastropoda,,Gonatidae (squid),Gonatidae,,Gonatidae (squid) Gonatopsis sp.,Gonatopsis sp.,,Zoarcidae (eelpout) Gymnelus sp.,Gymnelus sp.,,Armorhead sculpin Gymnocanthus galeatus,Gymnocanthus galeatus,,Cottoidei (sculpin) Gymnocanthus sp.,Gymnocanthus sp.,,Red Irish lord Hemilepidotus hemilepidotus,Hemilepidotus hemilepidotus,,Cottoidei (sculpin) Hemilepidotus sp.,Hemilepidotus sp.,,Hexagrammidae (greenling),Hexagrammidae,,Whitespotted greenling Hexagrammos stelleri,Hexagrammos stelleri,,Hippolytidae (shrimp),Hippolytidae,,Lyre crab Hyas sp.,Hyas sp.,,Spotted ratfish Hydrolagus colliei,Hydrolagus colliei,,Fourhorn poacher Hypsagonus quadricornis,Hypsagonus quadricornis,,Icelidae (sculpin),Icelidae,,Northern sculpin Icelinus borealis,Icelinus borealis,,Cottoidei (sculpin) Icelinus sp.,Icelinus sp.,,Cottoidei (sculpin) Icelus sp.,Icelus sp.,,Spatulate sculpin Icelus spatula,Icelus spatula,,Thorny sculpin Icelus spiniger,Icelus spiniger,,Pleuronectidae (rock sole) Lepidopsetta sp.,Lepidopsetta sp.,,Sawback poacher Leptagonus frenatus,Leptagonus frenatus,,Daubed shanny Leptoclinus maculatus,Leptoclinus maculatus,,Northern smoothtongue Leuroglossus schmidti,Leuroglossus schmidti,,Pleuronectidae (flatfish) Limanda sp.,Limanda sp.,,Liparidae (snailfish),Liparidae,,Liparidae (snailfish) Liparis sp.,Liparis sp.,,kelp snailfish Liparis tunicatus,Liparis tunicatus,,Golden king crab Lithodes aequispinus,Lithodes aequispinus,,Lithodidae (king crab),Lithodidae,,Brown box crab Lopholithodes foraminatus,Lopholithodes foraminatus,,Slender eelblenny Lumpenus fabricii,Lumpenus fabricii,,Stout eelblenny Lumpenus medius,Lumpenus medius,,Snake prickleback Lumpenus sagitta,Lumpenus sagitta,,Stichaeidae (prickleback) Lumpenus sp.,Lumpenus sp.,,Blackmouth eelpout Lycodapus fierasfer,Lycodapus fierasfer,,Zoarcidae (eelpout) Lycodapus sp.,Lycodapus sp.,,Zoarcidae (eelpout) Lycodes sp.,Lycodes sp.,,Macrouridae (grenadiers),Macrouridae,,Pacific tomcod Microgadus proximus,Microgadus proximus,,Myctophidae (lanternfish),Myctophidae,,Cottoidei (sculpin) Myoxocephalus sp.,Myoxocephalus sp.,,Pinpoint lanternfish Nannobrachium regale,Nannobrachium regale,,Octopoda (octopus),Octopoda,,Pygmy Poacher Odontopyxis trispinosa,Odontopyxis trispinosa,,Salmonidae (salmon) Oncorhynchus sp.,Oncorhynchus sp.,,Osmeridae (smelt),Osmeridae,,Paguridae (hermit crab),Paguridae,,Pandalidae (shrimp),Pandalidae,,Deepwater bigeye (shrimp) Pandalopsis ampla,Pandalopsis ampla,,Sidestripe shrimp Pandalopsis dispar,Pandalopsis dispar,,Pandalidae (shrimp) Pandalopsis sp.,Pandalopsis sp.,,Coonstripe shrimp Pandalus danae,Pandalus danae,,Pink shrimp Pandalus eous,Pandalus eous,,Flexed pandalid (shrimp) Pandalus goniurus,Pandalus goniurus,,Humpback shrimp Pandalus hypsinotus,Pandalus hypsinotus,,Smooth pink shrimp Pandalus jordani,Pandalus jordani,,Spot prawn (shrimp) Pandalus platyceros,Pandalus platyceros,,Pandalidae (shrimp) Pandalus sp.,Pandalus sp.,,Rough patch shrimp Pandalus stenolepis,Pandalus stenolepis,,Yellow-leg pandalid (shrimp) Pandalus tridens,Pandalus tridens,,Red king crab Paralithodes camtschaticus,Paralithodes camtschaticus,,Thornback sculpin Paricelinus hopliticus,Paricelinus hopliticus,,Pholidae (gunnel),Pholidae,,Longfin gunnel Pholis clemensi,Pholis clemensi,,Banded Gunnel Pholis fasciata,Pholis fasciata,,Crested gunnel Pholis laeta,Pholis laeta,,Pholidae (gunnel) Pholis sp.,Pholis sp.,,Scaled crab Placetron wosnessenskii,Placetron wosnessenskii,,Pleuronectidae (flatfish),Pleuronectidae,,Pleuronectoidei (flatfish),Pleuronectoidei,,Agonidae (poacher) Podothecus sp.,Podothecus sp.,,Whitebarred prickleback Poroclinus rothrocki,Poroclinus rothrocki,,Tadpole sculpin Psychrolutes paradoxus,Psychrolutes paradoxus,,blob sculpin Psychrolutes phrictus,Psychrolutes phrictus,,Psychrolutidae (sculpin),Psychrolutidae,,Quillfish Ptilichthys goodei,Ptilichthys goodei,,Slim Sculpin Radulinus asprellus,Radulinus asprellus,,Cottidae Radulinus sp.,Radulinus sp.,,Rajidae (skate),Rajidae,,Roughskin sculpin Rastrinus scutiger,Rastrinus scutiger,,Greenland turbot Reinhardtius hippoglossoides,Reinhardtius hippoglossoides,,Grunt sculpin Rhamphocottus richardsoni,Rhamphocottus richardsoni,,Rhinoceros crab Rhinolithodes wosnessenskii,Rhinolithodes wosnessenskii,,North Pacific bobtail squid Rossia pacifica,Rossia pacifica,,"Salmonidae (salmon, whitefish)",Salmonidae,,Pacific sardine Sardinops sagax,Sardinops sagax,,Scorpaenidae (rockfish),Scorpaenidae,,Scorpaeniformes (rockfish and cottid),Scorpaeniformes,,Aurora rockfish Sebastes aurora,Sebastes aurora,,Canary rockfish Sebastes pinniger,Sebastes pinniger,,Scorpaenidae (rockfish) Sebastes sp.,Sebastes sp.,,Dusky/ dark rockfish Sebastes variabilis/ ciliatus,Sebastes variabilis/ ciliatus,,pygmy rockfish Sebastes wilsoni,Sebastes wilsoni,,Scorpaenidae (thornyhead) Sebastolobus sp.,Sebastolobus sp.,,Slender fangjaw Sigmops gracilis,Sigmops gracilis,,Longfin smelt Spirinchus thaleichthys,Spirinchus thaleichthys,,Northern lampfish Stenobrachius leucopsarus,Stenobrachius leucopsarus,,Garnet lampfish Stenobrachius nannochir,Stenobrachius nannochir,,Myctophidae (lanternfish) Stenobrachius sp.,Stenobrachius sp.,,Stichaeidae (prickleback),Stichaeidae,,Longfin dragonfish Tactostoma macropus,Tactostoma macropus,,Teleostei (fish),Teleostei,,Helmet crab Telmessus cheiragonus,Telmessus cheiragonus,,Teuthida (squid),Teuthida,,Scissortail sculpin Triglops forficatus,Triglops forficatus,,Roughspine sculpin Triglops macellus,Triglops macellus,,Ribbed sculpin Triglops pingelii,Triglops pingelii,,Spectacled sculpin Triglops scepticus,Triglops scepticus,,Cottoidei (sculpin) Triglops sp.,Triglops sp.,,Zoarcidae (eelpout),Zoarcidae,,Zoarcoidei,Zoarcoidei,,Non-gadoid fish remains,,,